name,profile_url,rating,reviews_count,location,country,website_url,min_project,hourly_rate,employees,team_size,tagline,services,source,email,contact_form_url,category,sub_category
Rave Digital,https://clutch.co/profile/rave-digital,5.0,101.0,"Coral Springs, FL",United States,https://ravedigital.agency/clutch/?utm_source=clutch.co&utm_medium=referral&utm_campaign=developers-ecommerce,,$100 - $149 / hr,250 - 999,,,"20/20 Reviews, 10/10 Clients & Experience, 8.6/10 Market Presence, 90% E-Commerce Development, 10% Other",Clutch.co,Unreachable,https://www.ravedigital.agency/clutch/?utm_source=clutch.co&utm_medium=referral&utm_campaign=developers-magento,"Design,Development","Design Agencies,Web Design,E-Commerce Development"
AppMakers USA,https://clutch.co/profile/appmakers-usa,5.0,96.0,"Los Angeles, CA",United States,https://appmakersla.com/clutch/mobile/us/?utm_source=clutch.co&utm_medium=referral&utm_campaign=developers-flutter,,$100 - $149 / hr,10 - 49,,,"20/20 Reviews, 10/10 Clients & Experience, 9.6/10 Market Presence, 10% Web Development, 55% Mobile App Development, 35% Other",Clutch.co,Unreachable,https://appmakersla.com/clutch/mobile/us/?utm_source=clutch.co&utm_medium=referral&utm_campaign=profile,"Design,Development","Design Agencies,UI/UX Design,App Development,Flutter,Java,Python & Django,Web Development,WordPress"
CUT THRU Branding Agency,https://clutch.co/profile/cut-thru-branding-agency,5.0,63.0,"Redfern, Australia",Australia,http://www.cutthru.agency/?utm_source=clutch.co&utm_medium=referral&utm_campaign=directory,,$50 - $99 / hr,2 - 9,,,"10% Logo, 10% Branding, 10% Conversion Optimization+7 services, 10% Graphic Design, 10% Marketing Strategy, 10% Packaging Design, 10% Print Design, 10% Social Media Marketing, 10% UX/UI Design, 10% Web Design",Clutch.co,Unreachable,http://www.cutthru.agency/?utm_source=clutch.co&utm_medium=referral&utm_campaign=directory,"Design,Marketing","Design Agencies,Logo Design,UI/UX Design,Web Design,Digital Marketing,Full-Service Digital,Social Media Marketing"
Core Mobile App Development,https://clutch.co/profile/core-mobile-app-development,5.0,45.0,,,http://www.coremobileapps.com?utm_source=clutch.co&utm_medium=referral&utm_campaign=directory-mobile-application-developers,,$50 - $99 / hr,10 - 49,,,"60% Mobile App Development, 15% Search Engine Optimization, 10% AI Development+2 services, 10% Web Design, 5% Web Development",Clutch.co,Unreachable,http://www.coremobileapps.com/?utm_source=clutch.co&utm_medium=referral,"Design,Development,Marketing","Design Agencies,Web Design,App Development,Flutter,Digital Marketing,Full-Service Digital"
Keenethics OU,https://clutch.co/profile/keenethics-ou,5.0,38.0,"L'viv, Ukraine",Ukraine,https://keenethics.com/?utm_source=clutch.co&utm_medium=referral,,$25 - $49 / hr,50 - 249,,,"40% Custom Software Development, 25% Low/No Code Development, 15% Web Development+2 services, 10% Mobile App Development, 10% UX/UI Design",Clutch.co,Unreachable,https://keenethics.com/?utm_source=clutch.co&utm_medium=referral,"Design,Development","Design Agencies,UI/UX Design,.NET,Custom Software Development,Web Development,WordPress"
Urban Insight,https://clutch.co/profile/urban-insight,5.0,37.0,"Los Angeles, CA",United States,https://urbaninsight.com/?utm_source=clutch.co&utm_medium=referral&utm_campaign=web-developers-php,,$150 - $199 / hr,10 - 49,,,"18.4/20 Reviews, 10/10 Clients & Experience, 9.5/10 Market Presence, 50% Web Development70% PHP, 70% PHP, 50% Other",Clutch.co,Unreachable,https://urbaninsight.com/?utm_source=clutch.co&utm_medium=referral&utm_campaign=agencies-ui-ux,"Design,Development","Design Agencies,UI/UX Design,Web Design,PHP,Web Development,WordPress"
Brights,https://clutch.co/profile/brights,5.0,36.0,"Warszawa, Poland",Poland,https://brights.io?utm_source=clutch.co&utm_medium=referral&utm_campaign=agencies-design,,$25 - $49 / hr,50 - 249,,,"15% Generative AI, 15% Mobile App Development, 10% AI Consulting+6 services, 10% AI Development, 10% Custom Software Development, 10% Enterprise App Modernization, 10% Product Design, 10% UX/UI Design, 10% Web Development",Clutch.co,Unreachable,https://brights.io/custom-development-services/?utm_source=clutch&utm_medium=referral&utm_campaign=profile,"Design,Development","Design Agencies,UI/UX Design,.NET,Custom Software Development,Java,PHP,Web Development"
Hooked On Code,https://clutch.co/profile/hooked-code,5.0,34.0,"Dallas, TX",United States,https://hookedoncode.com/?utm_source=clutch.co&utm_medium=referral&utm_campaign=directory,,$150 - $199 / hr,2 - 9,,,"50% Web Design, 20% E-Commerce Development, 20% Web Development+1 service, 10% Low/No Code Development",Clutch.co,Unreachable,https://hookedoncode.com/?utm_source=clutch.co&utm_medium=referral&utm_campaign=directory,"Design,Development","Design Agencies,Web Design,E-Commerce Development,PHP,Web Development,WordPress"
Day Shift Digital,https://clutch.co/profile/day-shift-digital,5.0,29.0,"Toronto, Canada",Canada,https://dayshiftdigital.com/?utm_source=clutch.co&utm_medium=referral,,$150 - $199 / hr,2 - 9,,,"40% Web Development, 35% E-Commerce Development, 15% Web Design+1 service, 10% Search Engine Optimization",Clutch.co,Unreachable,https://dayshiftdigital.com/contact/,"Design,Development,Marketing","Design Agencies,Web Design,E-Commerce Development,Web Development,WordPress,Digital Marketing,Full-Service Digital"
LUMINA,https://clutch.co/profile/lumina-0,5.0,28.0,,,https://www.luminacommerce.com/pages/ecommerce-development-clutch/?utm_source=clutch.co&utm_medium=referral&utm_campaign=directory,,$25 - $49 / hr,10 - 49,,,"10% Web Design, 25% Custom Software Development, 25% E-Commerce Development+3 services, 15% Ecommerce Marketing, 15% Pay Per Click, 10% Search Engine Optimization",Clutch.co,Unreachable,https://www.luminacommerce.com/pages/ecommerce-development-clutch/?utm_source=clutch.co&utm_medium=referral&utm_campaign=directory,"Design,Development,Marketing","Design Agencies,Web Design,Custom Software Development,E-Commerce Development,Digital Marketing,Full-Service Digital,PPC"
The Smyth Group,https://clutch.co/profile/smyth-group,5.0,26.0,"Vista, CA",United States,https://hello.thesmythgroup.com/web-apps,,$150 - $199 / hr,10 - 49,,,"20% AI Development, 20% Custom Software Development, 20% Mobile App Development+2 services, 20% UX/UI Design, 20% Web Development",Clutch.co,Unreachable,https://hello.thesmythgroup.com/web-apps,"Design,Development","Design Agencies,UI/UX Design,Custom Software Development,Flutter,PHP,Web Development"
Razor Rank,https://clutch.co/profile/razor-rank,5.0,26.0,"Dallas, TX",United States,http://www.razorrank.com?utm_source=clutch.co&utm_medium=referral&utm_campaign=web-designers,,$100 - $149 / hr,50 - 249,,,"15% Web Design, 30% Search Engine Optimization, 20% Pay Per Click+2 services, 20% Social Media Marketing, 15% Content Marketing",Clutch.co,Unreachable,https://razorrank.com/contact/,"Design,Marketing","Design Agencies,Web Design,Content Marketing,Digital Marketing,Full-Service Digital,PPC,Social Media Marketing"
Nyusoft Solutions LLP,https://clutch.co/profile/nyusoft-solutions-llp,5.0,24.0,"Ahmedabad, India",India,https://www.nyusoft.com/?utm_source=clutch.co&utm_medium=referral&utm_campaign=directory,,$25 - $49 / hr,50 - 249,,,"35% Web Development, 25% Mobile App Development, 20% Custom Software Development+2 services, 10% Low/No Code Development, 10% UX/UI Design",Clutch.co,Unreachable,https://www.nyusoft.com/?utm_source=clutch.co&utm_medium=referral&utm_campaign=directory,"Design,Development","Design Agencies,UI/UX Design,App Development,Custom Software Development,PHP,Web Development,WordPress"
LawRank,https://clutch.co/profile/lawrank,5.0,21.0,"Los Angeles, CA",United States,https://lawrank.com/?utm_source=clutch.co&utm_medium=referral,,,10 - 49,,,"10% Web Design, 70% Search Engine Optimization, 10% Advertising+1 service, 10% Pay Per Click",Clutch.co,Unreachable,https://lawrank.com/?utm_source=clutch.co&utm_medium=referral,"Design,Marketing","Design Agencies,Web Design,Digital Marketing,Full-Service Digital,PPC"
Cozy Design,https://clutch.co/profile/cozy-design,5.0,20.0,"San Diego, CA",United States,https://www.cozydesign.com/,,$100 - $149 / hr,10 - 49,,,"40% Web Design, 20% Graphic Design, 10% Event Marketing+4 services, 10% Print Design, 10% Social Media Marketing, 5% Branding, 5% Logo",Clutch.co,Unreachable,https://www.cozydesign.com/contact,"Design,Marketing","Design Agencies,Web Design,Digital Marketing,Full-Service Digital,Social Media Marketing"
Neff,https://clutch.co/profile/neff,5.0,19.0,"Philadelphia, PA",United States,https://neffknows.com/?utm_source=clutch.co&utm_medium=referral&utm_campaign=directory,,$150 - $199 / hr,10 - 49,,,"13% Advertising, 13% Branding, 13% Public Relations+5 services, 13% Social Media Marketing, 12% Media Planning & Buying, 12% Video Production, 12% Web Design, 12% Web Development",Clutch.co,Unreachable,https://neffknows.com/?utm_source=clutch.co&utm_medium=referral&utm_campaign=directory,"Design,Development,Marketing","Design Agencies,Web Design,Web Development,Digital Marketing,Full-Service Digital,PR Firms,Social Media Marketing"
"Oomph, Inc.",https://clutch.co/profile/oomph-0-0,5.0,17.0,"Providence, RI",United States,https://oomphinc.com/?utm_source=clutch&utm_medium=referral&utm_campaign=profile,,$150 - $199 / hr,10 - 49,,,"20% UX/UI Design, 30% Web Development, 20% Digital Strategy+2 services, 20% Web Design, 10% Custom Software Development",Clutch.co,Unreachable,https://oomphinc.com/?utm_source=clutch&utm_medium=referral&utm_campaign=profile,"Design,Development","Design Agencies,UI/UX Design,Web Design,Custom Software Development,PHP,Web Development,WordPress"
Groundwrk,https://clutch.co/profile/groundwrk,5.0,17.0,"Denver, CO",United States,https://www.groundwrk.com/clutch-home/,,$150 - $199 / hr,10 - 49,,,"45% Web Design, 35% Web Development, 10% Branding+1 service, 10% Social Media Marketing",Clutch.co,Unreachable,https://www.groundwrk.com/contact/,"Design,Development,Marketing","Design Agencies,Web Design,Web Development,WordPress,Digital Marketing,Full-Service Digital,Social Media Marketing"
Digital Thing,https://clutch.co/profile/digital-thing,5.0,17.0,"Eltham, Australia",Australia,https://www.digitalthing.com.au/?utm_source=clutch.co&utm_medium=referral&utm_campaign=directory,,$150 - $199 / hr,2 - 9,,,"35% UX/UI Design, 35% Web Development, 30% Web Design",Clutch.co,Unreachable,https://www.digitalthing.com.au/contact/,"Design,Development","Design Agencies,UI/UX Design,Web Design,Web Development,WordPress"
Applica,https://clutch.co/profile/applica,5.0,17.0,"London, England",England,https://applica.agency/clutch-page,,$50 - $99 / hr,10 - 49,,,"10% Mobile App Development, 50% Mobile & App Marketing, 20% Conversion Optimization+1 service, 20% UX/UI Design",Clutch.co,Unreachable,https://applica.agency/clutch-page,"Design,Development,Marketing","Design Agencies,UI/UX Design,App Development,Digital Marketing,Full-Service Digital"
illuminise ltd,https://clutch.co/profile/illuminise,5.0,15.0,"Cambridge, England",England,https://www.illuminise.com/?utm_source=clutch.co&utm_medium=referral&utm_campaign=directory,,$100 - $149 / hr,10 - 49,,,"90% E-Commerce Development, 10% Web Design",Clutch.co,Unreachable,https://www.illuminise.com/contact/,"Design,Development","Design Agencies,Web Design,E-Commerce Development"
Capitol Tech Solutions,https://clutch.co/profile/capitol-tech-solutions,5.0,14.0,"Sacramento, CA",United States,https://www.capitoltechsolutions.com/services/web-design/?utm_source=clutch.co&utm_medium=referral&utm_campaign=web-designers,,$150 - $199 / hr,10 - 49,,,"30% Web Design, 30% Custom Software Development, 30% Web Development+1 service, 10% IoT Development",Clutch.co,Unreachable,https://www.capitoltechsolutions.com/services/web-design/?utm_source=clutch.co&utm_medium=referral&utm_campaign=web-designers,"Design,Development","Design Agencies,Web Design,.NET,Custom Software Development,Web Development,WordPress"
DECODE,https://clutch.co/profile/decode,5.0,13.0,"Zagreb, Croatia",Croatia,https://decode.agency/?utm_source=clutch.co&utm_medium=referral&utm_campaign=directory,,$50 - $99 / hr,50 - 249,,,"80% Custom Software Development, 20% UX/UI Design",Clutch.co,Unreachable,https://decode.agency/contact/,"Design,Development","Design Agencies,UI/UX Design,Custom Software Development,Java"
WolfPack Advising,https://clutch.co/profile/wolfpack-advising,5.0,13.0,"Tampa, FL",United States,https://wolfpackadvising.com/?utm_source=clutch.co&utm_medium=referral&utm_campaign=directory,,$150 - $199 / hr,10 - 49,,,"25% Advertising, 20% Search Engine Optimization, 15% Social Media Marketing+5 services, 10% Content Marketing, 10% Conversion Optimization, 10% Web Design, 5% Branding, 5% Email Marketing",Clutch.co,Unreachable,https://wolfpackadvising.com/contact-us/,"Design,Marketing","Design Agencies,Web Design,Content Marketing,Digital Marketing,Full-Service Digital,Social Media Marketing"
Agency atQuo,https://clutch.co/profile/agency-atquo,5.0,12.0,"New York, NY",United States,https://www.atquo.com/kit-cl/?utm_source=clutch.co&utm_medium=referral&utm_campaign=directory,,$100 - $149 / hr,2 - 9,,,"20% Web Development, 20% E-Commerce Development, 20% Graphic Design+2 services, 20% UX/UI Design, 20% Web Design",Clutch.co,Unreachable,https://www.atquo.com/agency/contact,"Design,Development","Design Agencies,UI/UX Design,Web Design,E-Commerce Development,PHP,Python & Django,Web Development,WordPress"
SIVOXI®,https://clutch.co/profile/sivoxi,5.0,12.0,"Sandton, South Africa",South Africa,http://www.sivoxi.com/?utm_source=clutch.co&utm_medium=referral&utm_campaign=directory,,$50 - $99 / hr,10 - 49,,,"20% AI Development, 20% Custom Software Development, 20% Generative AI+3 services, 20% Mobile App Development, 10% UX/UI Design, 10% Web Design",Clutch.co,Unreachable,https://www.sivoxi.com/contact-us/,"Design,Development","Design Agencies,UI/UX Design,Web Design,.NET,Custom Software Development"
Moonstone Interactive,https://clutch.co/profile/moonstone-interactive,5.0,11.0,"San Ramon, CA",United States,https://www.msinteractive.com/is-your-website-helping-you-grow/?utm_source=clutch.co&utm_medium=referral&utm_campaign=clutch_profile,,,10 - 49,,,"10% Mobile App Development, 35% Web Development, 15% Conversion Optimization+3 services, 15% UX/UI Design, 15% Web Design, 10% Custom Software Development",Clutch.co,Unreachable,https://www.msinteractive.com/is-your-website-helping-you-grow/?utm_source=clutch.co&utm_medium=referral&utm_campaign=clutch_profile,"Design,Development","Design Agencies,UI/UX Design,Web Design,.NET,App Development,Custom Software Development,PHP,Web Development,WordPress"
Labrys,https://clutch.co/profile/labrys,5.0,11.0,"Milton, Australia",Australia,https://labrys.io/?utm_source=clutch.co&utm_medium=referral&utm_campaign=developers-blockchain,,$100 - $149 / hr,10 - 49,,,"17.6/20 Reviews, 10/10 Clients & Experience, 8.5/10 Market Presence, 50% Blockchain, 50% Other",Clutch.co,Unreachable,https://labrys.io/?utm_source=clutch.co&utm_medium=referral&utm_campaign=directory,"Design,Development","Design Agencies,UI/UX Design,App Development,Blockchain,Web Development"
Evrig,https://clutch.co/profile/evrig,5.0,8.0,"Ahmedabad, India",India,https://www.evrig.com/?utm_source=clutch.co&utm_medium=referral&utm_campaign=directory,,$25 - $49 / hr,50 - 249,,,"40% E-Commerce Development, 20% Web Development, 10% IT Staff Augmentation+3 services, 10% IT Strategy Consulting, 10% UX/UI Design, 10% Web Design",Clutch.co,Unreachable,https://www.evrig.com/contact-us/,"Design,Development,IT Services","Design Agencies,UI/UX Design,Web Design,E-Commerce Development,PHP,Web Development,All IT Services,IT Staff Augmentation"
ARMOUR Digital Marketing Agency,https://clutch.co/profile/armour-digital-marketing-agency,5.0,8.0,"Tel Aviv-Yafo, Israel",Israel,https://www.armour.studio/?utm_source=clutch.co&utm_medium=referral&utm_campaign=directory,,$50 - $99 / hr,2 - 9,,,"10% Branding, 10% Ecommerce Marketing, 10% Fractional CMO Services+7 services, 10% Graphic Design, 10% Logo, 10% Pay Per Click, 10% Sales Outsourcing, 10% Search Engine Optimization, 10% Social Media Marketing, 10% Web Design",Clutch.co,Unreachable,https://www.armour.studio/service/web-design-services/?utm_source=clutch.co&utm_medium=referral&utm_campaign=web-designers,"Design,Marketing","Design Agencies,Logo Design,Web Design,Digital Marketing,Full-Service Digital,PPC,Social Media Marketing"
Advanté-BCS,https://clutch.co/profile/advant-bcs,5.0,8.0,"Midlothian, VA",United States,https://advantebcs.com/clutch-digital-marketing-partner,,$150 - $199 / hr,2 - 9,,,"30% Web Design, 25% Digital Strategy, 25% Pay Per Click+2 services, 10% Advertising, 10% Branding",Clutch.co,Unreachable,https://advantebcs.com/clutch-digital-marketing-partner,"Design,Marketing","Design Agencies,Web Design,Digital Marketing,Full-Service Digital,PPC"
Mozmene,https://clutch.co/profile/mozmene,5.0,7.0,"Yokohama, Japan",Japan,http://mozmene.com?utm_source=clutch.co&utm_medium=referral&utm_campaign=directory,,$100 - $149 / hr,10 - 49,,,"10% Advertising, 10% Branding, 10% Content Marketing+7 services, 10% Graphic Design, 10% Marketing Strategy, 10% Media Planning & Buying, 10% Pay Per Click, 10% Social Media Marketing, 10% Video Production, 10% Web Design",Clutch.co,Unreachable,http://mozmene.com/contact,"Design,Marketing","Design Agencies,Web Design,Content Marketing,Digital Marketing,Full-Service Digital,PPC,Social Media Marketing"
Scalebay,https://clutch.co/profile/scalebay-0,5.0,7.0,"Paris, France",France,https://www.scalebay.io/,,$150 - $199 / hr,2 - 9,,,"20% Conversion Optimization, 20% Digital Strategy, 20% Graphic Design+2 services, 20% Media Planning & Buying, 20% Mobile & App Marketing",Clutch.co,Unreachable,https://www.scalebay.io/contacts,"Design,Marketing","Design Agencies,Digital Marketing,Full-Service Digital"
"Gummicube, Inc.",https://clutch.co/profile/gummicube,5.0,7.0,"San Jose, CA",United States,https://www.gummicube.com/?utm_source=clutch.co&utm_medium=referral&utm_campaign=directory,,$50 - $99 / hr,50 - 249,,,"70% Mobile & App Marketing, 10% Digital Strategy, 10% Mobile App Development+1 service, 10% Web Design",Clutch.co,Unreachable,https://www.gummicube.com/?utm_source=clutch.co&utm_medium=referral&utm_campaign=directory,"Design,Marketing","Design Agencies,Web Design,Digital Marketing,Full-Service Digital"
Rep Cap,https://clutch.co/profile/rep-cap,5.0,7.0,"Baton Rouge, LA",United States,https://repcap.com,,$200 - $300 / hr,10 - 49,,,"10% Web Design, 40% Content Marketing, 10% Graphic Design+7 services, 10% Marketing Strategy, 5% Audio Production, 5% Branding, 5% Email Marketing, 5% Search Engine Optimization, 5% Social Media Marketing, 5% Video Production",Clutch.co,Unreachable,https://repcap.com,"Design,Marketing","Design Agencies,Web Design,Content Marketing,Digital Marketing,Full-Service Digital"
VeteranWebDesign.com,https://clutch.co/profile/veteranwebdesigncom,5.0,6.0,,,https://veteranwebdesign.com/?utm_source=clutch.co&utm_medium=referral,,< $25 / hr,,,,"30% Web Design, 15% E-Commerce Development, 15% Logo+3 services, 15% Search Engine Optimization, 15% Web Development, 10% Low/No Code Development",Clutch.co,Unreachable,https://veteranwebdesign.com/?utm_source=clutch.co&utm_medium=referral,"Design,Development,Marketing","Logo Design,Web Design,E-Commerce Development,PHP,WordPress,Digital Marketing,Full-Service Digital"
By the Pixel,https://clutch.co/profile/pixel,5.0,5.0,"Denver, CO",United States,http://www.bythepixel.com,,$150 - $199 / hr,10 - 49,,,"75% Web Development, 15% Digital Strategy, 5% UX/UI Design+1 service, 5% Web Design",Clutch.co,Unreachable,http://www.bythepixel.com,"Design,Development","Design Agencies,PHP,Web Development,WordPress"
Syrup,https://clutch.co/profile/syrup,5.0,5.0,"Atlanta, GA",United States,https://syrupmarketing.com/,,$100 - $149 / hr,10 - 49,,,"60% Demand Generation Marketing, 20% Web Design, 10% Branding+1 service, 10% Search Engine Optimization",Clutch.co,Unreachable,https://syrupmarketing.com/,"Design,Marketing","Design Agencies,Web Design,Digital Marketing,Full-Service Digital"
"Connection Model, LLC",https://clutch.co/profile/connection-model,5.0,5.0,"Bellevue, WA",United States,https://www.connectionmodel.com/contact/?utm_source=clutch&utm_medium=referral,,$100 - $149 / hr,2 - 9,,,"30% Content Marketing, 30% Search Engine Optimization, 20% Web Design+2 services, 15% Digital Strategy, 5% Branding",Clutch.co,Unreachable,https://www.connectionmodel.com/contact/?utm_source=clutch&utm_medium=referral,"Design,Marketing","Design Agencies,Web Design,Content Marketing,Digital Marketing,Full-Service Digital"
Spinutech,https://clutch.co/profile/spinutech-1,5.0,4.0,"Elmhurst, IL",United States,https://www.spinutech.com/?utm_source=clutch.co&utm_medium=referral&utm_campaign=directory,,$150 - $199 / hr,50 - 249,,,"10% Web Design, 10% Custom Software Development, 10% Digital Strategy+8 services, 10% E-Commerce Development, 10% Email Marketing, 10% Pay Per Click, 10% Search Engine Optimization, 10% Social Media Marketing, 10% Web Development, 5% Content Marketing, 5% Conversion Optimization",Clutch.co,Unreachable,https://www.spinutech.com/about/contact,"Design,Development,Marketing","Web Design,.NET,Custom Software Development,E-Commerce Development,PHP,Web Development,WordPress,Digital Marketing,Email Marketing,Full-Service Digital,PPC,Social Media Marketing"
New Normal,https://clutch.co/profile/new-normal,5.0,4.0,"Seattle, WA",United States,https://newnormal.agency,,$100 - $149 / hr,10 - 49,,,"20% Custom Software Development, 40% Mobile App Development, 20% Web Development+3 services, 10% UX/UI Design, 5% Branding, 5% Web Design",Clutch.co,Unreachable,https://newnormal.agency,"Design,Development","UI/UX Design,Custom Software Development,Python & Django,WordPress"
Quintegro,https://clutch.co/profile/quintegro,5.0,4.0,,,http://quintegro.com,,$50 - $99 / hr,50 - 249,,,"20% Web Development, 20% Mobile App Development, 20% Product Design+2 services, 20% UX/UI Design, 20% Web Design",Clutch.co,Unreachable,http://quintegro.com,"Design,Development","Design Agencies,UI/UX Design,Web Design,PHP,Web Development"
Swordsweeper,https://clutch.co/profile/swordsweeper,5.0,3.0,"Spring Hill, TN",United States,https://landing.swordsweeper.com/?utm_source=clutch.co&utm_medium=referral&utm_campaign=web-designers,,$100 - $149 / hr,10 - 49,,,"10% Web Design, 50% Custom Software Development, 10% Application Management & Support+3 services, 10% Cloud Consulting & SI, 10% Other Application Development, 10% UX/UI Design",Clutch.co,Unreachable,https://landing.swordsweeper.com/?utm_source=clutch.co&utm_medium=referral&utm_campaign=agencies-ui-ux,"Design,Development,IT Services","Design Agencies,UI/UX Design,Web Design,Custom Software Development,All IT Services"
Buzz Interactive Global,https://clutch.co/profile/buzz-interactive-global,5.0,3.0,"Chesapeake, VA",United States,https://www.itsbuzzinteractive.com/?utm_source=clutch.co&utm_medium=referral&utm_campaign=directory,,$25 - $49 / hr,50 - 249,,,"10% Mobile App Development, 30% Web Design, 30% Web Development+2 services, 20% Low/No Code Development, 10% E-Commerce Development",Clutch.co,Unreachable,https://www.itsbuzzinteractive.com/?utm_source=clutch.co&utm_medium=referral&utm_campaign=directory,"Design,Development","Design Agencies,Web Design,App Development,E-Commerce Development,Web Development"
Foxxy Studio,https://clutch.co/profile/foxxy-studio,5.0,3.0,"London, England",England,https://foxxy.studio/?utm_source=clutch.co&utm_medium=referral&utm_campaign=directory,,$50 - $99 / hr,2 - 9,,,"25% Web Design, 25% UX/UI Design, 20% Low/No Code Development+2 services, 15% Branding, 15% Web Development",Clutch.co,Unreachable,https://foxxy.studio/contact,"Design,Development","Design Agencies,UI/UX Design,Web Design,Flutter,Java,PHP"
HOMESHOWOFF INC,https://clutch.co/profile/homeshowoff,5.0,3.0,"Vaughan, Canada",Canada,http://homeshowoff.com/?utm_source=clutch.co&utm_medium=referral&utm_campaign=directory,,$100 - $149 / hr,10 - 49,,,"40% Search Engine Optimization, 25% Web Design, 15% Content Marketing+3 services, 10% Generative AI, 5% Logo, 5% Social Media Marketing",Clutch.co,Unreachable,https://homeshowoff.com/contact/,"Design,Marketing","Design Agencies,Web Design,Content Marketing,Digital Marketing,Full-Service Digital"
The Moss WDS Inc,https://clutch.co/profile/moss-wds,5.0,3.0,,,https://www.themossstudio.ca/?utm_source=clutch.co&utm_medium=referral&utm_campaign=directory,,$50 - $99 / hr,2 - 9,,,"30% Web Design, 40% UX/UI Design, 10% Content Marketing+2 services, 10% Graphic Design, 10% Product Design",Clutch.co,Unreachable,https://www.themossstudio.ca/contacts,"Design,Marketing","Design Agencies,UI/UX Design,Web Design,Content Marketing,Digital Marketing,Full-Service Digital"
Practice Cafe,https://clutch.co/profile/practice-cafe,5.0,3.0,"Austin, TX",United States,https://www.practicecafe.com/?utm_source=clutch.co&utm_medium=referral&utm_campaign=directory,,,10 - 49,,,"20% Web Design, 25% Pay Per Click, 25% Search Engine Optimization+3 services, 10% Branding, 10% Graphic Design, 10% Logo",Clutch.co,Unreachable,https://www.practicecafe.com/?utm_source=clutch.co&utm_medium=referral&utm_campaign=directory,"Design,Marketing","Logo Design,Web Design,Digital Marketing,Full-Service Digital,PPC"
Mighty 8th Media,https://clutch.co/profile/mighty-8th-media,5.0,3.0,"Buford, GA",United States,http://www.m8th.com/?utm_source=clutch.co&utm_medium=referral&utm_campaign=directory,,$150 - $199 / hr,10 - 49,,,"20% Web Design, 15% Branding, 15% Digital Strategy+4 services, 15% Print Design, 15% Video Production, 10% Advertising, 10% Search Engine Optimization",Clutch.co,Unreachable,http://www.m8th.com/?utm_source=clutch.co&utm_medium=referral&utm_campaign=directory,"Design,Marketing","Design Agencies,Web Design,Digital Marketing,Full-Service Digital"
Hexapoint Medical Marketing,https://clutch.co/profile/hexapoint-medical-marketing,5.0,3.0,"Randolph, NJ",United States,https://hexapoint.com/,,$100 - $149 / hr,50 - 249,,,"15% Web Design, 15% Search Engine Optimization, 15% Social Media Marketing+5 services, 15% Web Development, 10% Graphic Design, 10% Media Planning & Buying, 10% Pay Per Click, 10% Video Production",Clutch.co,Unreachable,https://hexapoint.com/,"Design,Marketing","Web Design,Digital Marketing,Full-Service Digital,PPC,Social Media Marketing"
Digital Bees,https://clutch.co/profile/digital-bees-0,5.0,2.0,"Pančevo, Serbia",Serbia,https://digitalbees.net/?utm_source=clutch.co&utm_medium=referral&utm_campaign=directory,,$50 - $99 / hr,2 - 9,,,"10% Web Design, 40% Web Development, 25% E-Commerce Development+1 service, 25% Search Engine Optimization",Clutch.co,Unreachable,https://digitalbees.net/?utm_source=clutch.co&utm_medium=referral&utm_campaign=directory,"Design,Development,Marketing","Web Design,E-Commerce Development,Web Development,Digital Marketing,Full-Service Digital"
Greenhat,https://clutch.co/profile/greenhat,5.0,2.0,"Fortitude Valley, Australia",Australia,https://www.greenhat.net/?utm_source=clutch.co&utm_medium=referral&utm_campaign=web-designers,,$100 - $149 / hr,10 - 49,,,"15% Web Design, 30% Web Development, 15% Branding+4 services, 15% Graphic Design, 10% Mobile App Development, 10% Search Engine Optimization, 5% Email Marketing",Clutch.co,Unreachable,https://www.greenhat.net/,"Design,Development,Marketing","Design Agencies,Web Design,PHP,Python & Django,Web Development,WordPress,Digital Marketing,Full-Service Digital"
Ideas Collide,https://clutch.co/profile/ideas-collide,5.0,2.0,"Phoenix, AZ",United States,http://Ideascollide.com,,$150 - $199 / hr,50 - 249,,,"15% Advertising, 15% Branding, 15% Email Marketing+4 services, 15% Graphic Design, 15% Marketing Strategy, 15% Social Media Marketing, 10% Web Design",Clutch.co,Unreachable,http://Ideascollide.com,"Design,Marketing","Design Agencies,Web Design,Digital Marketing,Email Marketing,Full-Service Digital,Social Media Marketing"
Connective Web Design,https://clutch.co/profile/connective-web-design,5.0,2.0,"Katy, TX",United States,https://connectivewebdesign.com/?utm_source=clutch.co&utm_medium=referral&utm_campaign=directory,,$100 - $149 / hr,10 - 49,,,"40% Web Design, 20% Branding, 20% Pay Per Click+1 service, 20% Search Engine Optimization",Clutch.co,Unreachable,https://connectivewebdesign.com?utm_source=clutch.co&utm_medium=referral&utm_campaign=web-designers,"Design,Marketing","Design Agencies,Web Design,Digital Marketing,Full-Service Digital,PPC"
Mowgli,https://clutch.co/profile/mowgli,5.0,2.0,"Singapore, Singapore",Singapore,https://mowgli.digital,,$50 - $99 / hr,10 - 49,,,"20% Web Design, 25% Web Development, 20% Branding+2 services, 20% Graphic Design, 15% Pay Per Click",Clutch.co,Unreachable,https://mowgli.digital/contact-us/,"Design,Development,Marketing","Design Agencies,Web Design,Web Development,WordPress,Digital Marketing,Full-Service Digital,PPC"
Web Tech Fusion,https://clutch.co/profile/web-tech-fusion,5.0,2.0,"Midlothian, VA",United States,https://www.webtechfusion.com/?utm_source=clutch&utm_medium=directory&utm_campaign=sponorship,,$100 - $149 / hr,10 - 49,,,"20% Web Design, 20% Web Development, 15% Pay Per Click+4 services, 15% Search Engine Optimization, 15% Social Media Marketing, 10% Media Planning & Buying, 5% Digital Strategy",Clutch.co,Unreachable,https://www.webtechfusion.com/?utm_source=clutch&utm_medium=directory&utm_campaign=sponorship,"Design,Development,Marketing","Web Design,PHP,Web Development,WordPress,Digital Marketing,Full-Service Digital,PPC,Social Media Marketing"
Tier One Partners,https://clutch.co/profile/tier-one-partners,5.0,2.0,"Boston, MA",United States,https://www.wearetierone.com/,,,10 - 49,,,"10% Web Design, 60% Public Relations, 30% Content Marketing",Clutch.co,Unreachable,https://www.wearetierone.com/contact-us,"Design,Marketing","Web Design,Content Marketing,Digital Marketing,Full-Service Digital,PR Firms"
OMNI Creative Agency,https://clutch.co/profile/omni-creative-agency,5.0,2.0,"Charlotte, NC",United States,https://omni-agency.com/,,$150 - $199 / hr,2 - 9,,,"25% Branding, 20% Pay Per Click, 20% Social Media Marketing+4 services, 15% Marketing Strategy, 10% Logo, 5% Graphic Design, 5% UX/UI Design",Clutch.co,Unreachable,https://omni-agency.com/,"Design,Marketing","Logo Design,Digital Marketing,Full-Service Digital,PPC,Social Media Marketing"
ADvine,https://clutch.co/profile/advine,5.0,2.0,"Fresno, CA",United States,https://www.advineagency.com?utm_source=clutch.co&utm_medium=referral&utm_campaign=directory,,,10 - 49,,,"10% Web Design, 20% Advertising, 20% Social Media Marketing+5 services, 10% Corporate Photography, 10% Graphic Design, 10% Media Planning & Buying, 10% Pay Per Click, 10% Video Production",Clutch.co,Unreachable,https://www.advineagency.com?utm_source=clutch.co&utm_medium=referral&utm_campaign=directory,"Design,Marketing","Web Design,Digital Marketing,Full-Service Digital,PPC,Social Media Marketing"
Digital Pulse,https://clutch.co/profile/digital-pulse-0,5.0,1.0,,,https://digitalpulse.ro?utm_source=clutch.co&utm_medium=referral&utm_campaign=directory,,$25 - $49 / hr,2 - 9,,,"15% Web Design, 25% E-Commerce Development, 25% Search Engine Optimization+2 services, 20% Pay Per Click, 15% Web Development",Clutch.co,Unreachable,https://digitalpulse.ro?utm_source=clutch.co&utm_medium=referral&utm_campaign=directory,"Design,Development,Marketing","Web Design,E-Commerce Development,Flutter,PHP,WordPress,Digital Marketing,Full-Service Digital,PPC"
Input Logic,https://clutch.co/profile/input-logic,5.0,1.0,"Nanaimo, Canada",Canada,http://inputlogic.ca,,$150 - $199 / hr,10 - 49,,,"25% UX/UI Design, 20% Mobile App Development, 20% Web Development+5 services, 10% Custom Software Development, 10% IoT Development, 5% Branding, 5% Enterprise App Modernization, 5% Logo",Clutch.co,Unreachable,http://inputlogic.ca,"Design,Development","Design Agencies,UI/UX Design,Custom Software Development,Python & Django,Web Development"
Dijital Team,https://clutch.co/profile/dijital-team,5.0,1.0,"Brisbane City, Australia",Australia,https://www.dijitalteam.com?utm_source=clutch.co&utm_medium=referral&utm_campaign=directory,,< $25 / hr,50 - 249,,,"10% Web Design, 25% Custom Software Development, 25% IT Staff Augmentation+2 services, 25% Other IT Consulting and SI, 15% IT Managed Services",Clutch.co,Unreachable,https://www.dijitalteam.com?utm_source=clutch.co&utm_medium=referral&utm_campaign=directory,"Design,Development,IT Services","Web Design,.NET,Custom Software Development,All IT Services,IT Staff Augmentation,Managed IT (MSP)"
Liquid Media,https://clutch.co/profile/liquid-media,5.0,1.0,"Oklahoma City, OK",United States,https://liquid.media/,,$100 - $149 / hr,10 - 49,,,"20% Web Design, 20% Advertising, 20% Social Media Marketing+5 services, 8% Graphic Design, 8% Logo, 8% Media Planning & Buying, 8% Search Engine Optimization, 8% Video Production",Clutch.co,Unreachable,https://liquid.media/contact/,"Design,Marketing","Design Agencies,Web Design,Digital Marketing,Full-Service Digital,Social Media Marketing"
Impakt Digital,https://clutch.co/profile/impakt-digital,5.0,1.0,"Ferndale, MI",United States,https://www.impaktdigital.com/,,$100 - $149 / hr,2 - 9,,,"25% Web Design, 25% Content Marketing, 25% Pay Per Click+1 service, 25% Search Engine Optimization",Clutch.co,Unreachable,https://www.impaktdigital.com/,"Design,Marketing","Web Design,Content Marketing,Digital Marketing,Full-Service Digital,PPC"
Tiger29,https://clutch.co/profile/tiger29,5.0,1.0,"Sioux Falls, SD",United States,https://www.tiger29.com,,$150 - $199 / hr,2 - 9,,,"50% Web Design, 50% Search Engine Optimization",Clutch.co,Unreachable,https://www.tiger29.com/contact-us.html,"Design,Marketing","Web Design,Digital Marketing,Full-Service Digital"
Ignite Digital,https://clutch.co/profile/ignite-digital,4.9,118.0,"Mississauga, Canada",Canada,https://ignitedigital.com/increasing-your-brand-in-seo-lp-clutch/?utm_source=clutch&utm_medium=banner&utm_campaign=clutch_profile,,$50 - $99 / hr,10 - 49,,,"10% Web Design, 50% Search Engine Optimization, 30% Pay Per Click+1 service, 10% Social Media Marketing",Clutch.co,Unreachable,https://ignitedigital.com/increasing-your-brand-in-seo-lp-clutch/?utm_source=clutch&utm_medium=banner&utm_campaign=clutch_profile,"Design,Marketing","Design Agencies,Web Design,Digital Marketing,Full-Service Digital,PPC,Social Media Marketing"
Funnel Boost Media,https://clutch.co/profile/funnel-boost-media,4.9,110.0,"San Antonio, TX",United States,https://funnelboostmedia.net/clutch/?utm_source=clutch.co&utm_medium=referral&utm_campaign=agencies-digital,,$50 - $99 / hr,50 - 249,,,"20/20 Reviews, 9.2/10 Clients & Experience, 9.6/10 Market Presence, 10% Digital Design, 80% Digital Marketing, 10% Other",Clutch.co,Unreachable,https://funnelboostmedia.net/contact-us,"Design,Marketing","Design Agencies,Web Design,Digital Marketing,Full-Service Digital,PPC"
Airdev,https://clutch.co/profile/airdev,4.9,88.0,"San Francisco, CA",United States,https://www.airdev.co/bubble-development/bubble-agency?content=general&utm_source=clutch.co&utm_medium=referral&utm_campaign=directory,,,50 - 249,,,"10% Web Design, 40% Web Development, 30% Custom Software Development+2 services, 10% Low/No Code Development, 10% Mobile App Development",Clutch.co,Unreachable,https://www.airdev.co/bubble-development/bubble-agency?content=general&utm_source=clutch.co&utm_medium=referral&utm_campaign=directory,"Design,Development","Web Design,Custom Software Development,Flutter,PHP,Web Development,WordPress"
Merge Rocks,https://clutch.co/profile/merge-rocks,4.9,63.0,"Tallinn, Estonia",Estonia,https://merge.rocks/product-design-offer?utm_source=clutch.co&utm_medium=referral&utm_campaign=directory,,$25 - $49 / hr,10 - 49,,,"20/20 Reviews, 10/10 Clients & Experience, 8.7/10 Market Presence, 80% Digital Design, 20% Other",Clutch.co,Unreachable,https://merge.rocks/product-design-offer?utm_source=clutch.co&utm_medium=referral&utm_campaign=directory,"Design,Development","Design Agencies,UI/UX Design,Web Design,Web Development,WordPress"
Qubika,https://clutch.co/profile/qubika,4.9,61.0,"Austin, TX",United States,https://qubika.com/?utm_source=clutch.co&utm_medium=referral&utm_campaign=clutch_profile,,$50 - $99 / hr,250 - 999,,,"15% Mobile App Development, 40% AI Development, 30% Cloud Consulting & SI+1 service, 15% UX/UI Design",Clutch.co,Unreachable,https://qubika.com/?utm_source=clutch.co&utm_medium=referral&utm_campaign=agencies-ui-ux,"Design,Development,IT Services","Design Agencies,UI/UX Design,App Development,All IT Services"
Dualboot Partners,https://clutch.co/profile/dualboot-partners,4.9,56.0,"Charlotte, NC",United States,https://dualbootpartners.com/?utm_source=clutch.co&utm_medium=referral&utm_campaign=directory,,,250 - 999,,,"10% UX/UI Design, 30% Custom Software Development, 20% Web Development+4 services, 10% AI Development, 10% Cloud Consulting & SI, 10% IT Staff Augmentation, 10% Mobile App Development",Clutch.co,Unreachable,https://dualbootpartners.com/?utm_source=clutch.co&utm_medium=referral&utm_campaign=directory,"Design,Development,IT Services","UI/UX Design,.NET,Custom Software Development,Flutter,Java,PHP,Python & Django,WordPress,All IT Services,IT Staff Augmentation"
Moburst,https://clutch.co/profile/moburst,4.9,42.0,"New York, NY",United States,https://www.moburst.com/make-my-website-better/?utm_source=clutch.co&utm_medium=referral&utm_campaign=web-designers,,$150 - $199 / hr,50 - 249,,,"10% Web Design, 60% Mobile & App Marketing, 10% Media Planning & Buying+2 services, 10% Pay Per Click, 10% Social Media Marketing",Clutch.co,Unreachable,https://www.moburst.com/make-my-website-better/?utm_source=clutch.co&utm_medium=referral&utm_campaign=web-designers,"Design,Marketing","Design Agencies,Web Design,Digital Marketing,Full-Service Digital,PPC,Social Media Marketing"
Three29,https://clutch.co/profile/three29,4.9,40.0,"Sacramento, CA",United States,https://three29.com/top-web-design-company-usa/?utm_source=clutch.co&utm_medium=referral&utm_campaign=web-design,,$100 - $149 / hr,10 - 49,,,"25% Web Design, 20% Web Development, 15% Pay Per Click+4 services, 10% AI Consulting, 10% Branding, 10% Marketing Strategy, 10% Search Engine Optimization",Clutch.co,Unreachable,https://three29.com/top-web-design-company-usa/?utm_source=clutch.co&utm_medium=referral&utm_campaign=web-design,"Design,Development,Marketing","Design Agencies,Web Design,PHP,Python & Django,Web Development,WordPress,Digital Marketing,Full-Service Digital,PPC"
Osedea,https://clutch.co/profile/osedea,4.9,38.0,"Montréal, Canada",Canada,https://www.osedea.com/landing/software-development/?utm_source=clutch.co&utm_medium=referral&utm_campaign=developers,,$100 - $149 / hr,50 - 249,,,"20/20 Reviews, 10/10 Clients & Experience, 9.7/10 Market Presence, 45% Custom Software Development, 55% Other",Clutch.co,Unreachable,https://www.osedea.com/landing/design/?utm_source=clutch.co&utm_medium=referral&utm_campaign=agencies-ui-ux,"Design,Development","Design Agencies,UI/UX Design,Custom Software Development,Flutter,Java"
"unosquare, LLC",https://clutch.co/profile/unosquare,4.9,38.0,"Portland, OR",United States,https://www.unosquare.com/?utm_source=clutch.co&utm_medium=referral&utm_campaign=directory,,$50 - $99 / hr,"1,000 - 9,999",,,"20% Custom Software Development, 15% Digital Engineering, 15% IT Staff Augmentation+5 services, 10% Cloud Consulting & SI, 10% Enterprise App Modernization, 10% IT Managed Services, 10% Mobile App Development, 10% UX/UI Design",Clutch.co,Unreachable,https://www.unosquare.com/?utm_source=clutch.co&utm_medium=referral&utm_campaign=directory,"Design,Development,IT Services","Design Agencies,UI/UX Design,Custom Software Development,All IT Services,IT Staff Augmentation,Managed IT (MSP)"
Avid Panda,https://clutch.co/profile/avid-panda,4.9,38.0,"Birmingham, England",England,https://avidpanda.com/,,$50 - $99 / hr,2 - 9,,,"25% Public Relations, 25% Search Engine Optimization, 15% Web Design+4 services, 10% Advertising, 10% Pay Per Click, 10% Social Media Marketing, 5% Web Development",Clutch.co,Unreachable,https://avidpanda.com/,"Design,Marketing","Design Agencies,Web Design,Digital Marketing,Full-Service Digital,PPC,PR Firms,Social Media Marketing"
FJ Solutions,https://clutch.co/profile/fj-solutions,4.9,37.0,"Miami, FL",United States,https://www.fjsolutions.com/ecommerce-development/clutch/?utm_source=clutch.co&utm_medium=referral&utm_campaign=directory,,$50 - $99 / hr,10 - 49,,,"18.6/20 Reviews, 9.7/10 Clients & Experience, 9.3/10 Market Presence, 50% E-Commerce Development, 50% Other",Clutch.co,Unreachable,https://www.fjsolutions.com/ecommerce-development/clutch/?utm_source=clutch.co&utm_medium=referral&utm_campaign=directory,"Design,Development,Marketing","Design Agencies,Web Design,E-Commerce Development,Digital Marketing,Email Marketing,Full-Service Digital"
Sembit,https://clutch.co/profile/sembit,4.9,32.0,"Portland, OR",United States,https://www.sembit.com/Clutch/?utm_source=clutch&utm_medium=referral&utm_campaign=directory,,$150 - $199 / hr,10 - 49,,,"40% Mobile App Development, 30% Web Development, 10% Custom Software Development+2 services, 10% IT Managed Services, 10% Web Design",Clutch.co,Unreachable,https://www.sembit.com/Clutch/?utm_source=clutch&utm_medium=referral&utm_campaign=directory,"Design,Development,IT Services","Design Agencies,Web Design,.NET,App Development,Custom Software Development,Flutter,Java,PHP,Web Development,All IT Services,Managed IT (MSP)"
XWP,https://clutch.co/profile/xwp,4.9,30.0,"New York, NY",United States,https://xwp.co/?utm_source=clutch.co&utm_medium=referral&utm_campaign=directory,,$150 - $199 / hr,50 - 249,,,"60% Web Development, 25% Web Design, 15% UX/UI Design",Clutch.co,Unreachable,https://xwp.co/contact/,"Design,Development","Design Agencies,UI/UX Design,Web Design,PHP,Web Development,WordPress"
Reckonsys,https://clutch.co/profile/reckonsys,4.9,27.0,"Bengaluru, India",India,http://www.reckonsys.com/?utm_source=clutch.co&utm_medium=referral&utm_campaign=directory,,$25 - $49 / hr,50 - 249,,,"10% Mobile App Development, 35% Generative AI, 25% AI Development+3 services, 10% AI Consulting, 10% Custom Software Development, 10% UX/UI Design",Clutch.co,Unreachable,http://www.reckonsys.com/?utm_source=clutch.co&utm_medium=referral&utm_campaign=directory,"Design,Development","Design Agencies,UI/UX Design,App Development,Custom Software Development"
Mystic Media,https://clutch.co/profile/mystic-media,4.9,27.0,"Draper, UT",United States,https://www.mysticmediasoft.com/services/mobile.html?utm_source=clutch.co&utm_medium=referral&utm_campaign=directory-mobile-application-developers,,,10 - 49,,,"10% Mobile App Development, 10% AI Development, 10% API Development+7 services, 10% Cloud Consulting & SI, 10% Custom Software Development, 10% Enterprise App Modernization, 10% IoT Development, 10% UX/UI Design, 10% Web Design, 10% Web Development",Clutch.co,Unreachable,https://www.mysticmediasoft.com/?utm_source=clutch.co&utm_medium=referral,"Design,Development,IT Services","Design Agencies,UI/UX Design,Web Design,.NET,App Development,Custom Software Development,Flutter,Java,PHP,Python & Django,Web Development,WordPress,All IT Services"
Produktiv,https://clutch.co/profile/produktiv,4.9,26.0,"Oakville, Canada",Canada,https://produktiv.agency/?utm_source=clutch&utm_medium=referral&utm_campaign=homepage_subscription,,$100 - $149 / hr,10 - 49,,,"20% UX/UI Design, 15% Content Marketing, 15% Digital Strategy+4 services, 15% Low/No Code Development, 15% Pay Per Click, 10% Branding, 10% Web Development",Clutch.co,Unreachable,https://produktiv.agency/get-in-touch/,"Design,Development,Marketing","Design Agencies,UI/UX Design,PHP,Web Development,WordPress,Content Marketing,Digital Marketing,Full-Service Digital,PPC"
Koombea,https://clutch.co/profile/koombea,4.9,24.0,"Barranquilla, Colombia",Colombia,https://www.koombea.com/services/custom-mobile-app-development/?utm_source=clutch.co&utm_medium=referral&utm_campaign=directory-mobile-application-developers,,$50 - $99 / hr,50 - 249,,,"40% Mobile App Development, 20% Custom Software Development, 20% Web Development+2 services, 10% AI Development, 10% UX/UI Design",Clutch.co,Unreachable,https://www.koombea.com/contact/,"Design,Development","Design Agencies,UI/UX Design,App Development,Custom Software Development,Java,Web Development,WordPress"
Site Nine Studios,https://clutch.co/profile/site-nine-studios,4.9,24.0,,,https://siteninestudios.com/?utm_source=clutch.co&utm_medium=referral,,$50 - $99 / hr,2 - 9,,,"15% UX/UI Design, 45% Web Development, 30% Web Design+1 service, 10% E-Commerce Development",Clutch.co,Unreachable,https://siteninestudios.com/contact/,"Design,Development","Design Agencies,UI/UX Design,Web Design,E-Commerce Development,PHP,Web Development,WordPress"
Kubikware,https://clutch.co/profile/kubikware,4.9,24.0,"Aventura, FL",United States,https://www.kubikware.com/,,$50 - $99 / hr,50 - 249,,,"20% Mobile App Development, 40% IT Staff Augmentation, 20% UX/UI Design+1 service, 20% Web Development",Clutch.co,Unreachable,https://www.kubikware.com/,"Design,Development,IT Services","Design Agencies,UI/UX Design,.NET,App Development,PHP,Web Development,WordPress,IT Staff Augmentation"
SoftKraft,https://clutch.co/profile/softkraft,4.9,23.0,"Bielsko-Biała, Poland",Poland,https://www.softkraft.co/python-development-company/,,$50 - $99 / hr,10 - 49,,,"17.8/20 Reviews, 10/10 Clients & Experience, 8.2/10 Market Presence, 15% Web Development, 15% Web Development, 70% Other",Clutch.co,Unreachable,https://www.softkraft.co/,"Design,Development,IT Services","Design Agencies,Web Design,Custom Software Development,Python & Django,Web Development,All IT Services"
Transfuture,https://clutch.co/profile/transfuture,4.9,23.0,"Brooklyn, NY",United States,http://www.transfuture.com/?utm_source=clutch.co&utm_medium=referral,,$100 - $149 / hr,2 - 9,,,"40% Web Design, 30% Digital Strategy, 30% Web Development",Clutch.co,Unreachable,https://transfuture.com/contact/,"Design,Development","Design Agencies,Web Design,PHP,Web Development,WordPress"
True Market,https://clutch.co/profile/true-market,4.9,22.0,"Calgary, Canada",Canada,https://truemarket.ca?utm_source=Clutch&utm_medium=referral&utm_campaign=clutch_truemarket_profile,,$100 - $149 / hr,2 - 9,,,"15% Web Development, 40% Web Design, 15% Branding+3 services, 10% E-Commerce Development, 10% Graphic Design, 10% UX/UI Design",Clutch.co,Unreachable,https://truemarket.ca?utm_source=Clutch&utm_medium=referral&utm_campaign=clutch_truemarket_profile,"Design,Development","Design Agencies,UI/UX Design,Web Design,E-Commerce Development,PHP,Web Development,WordPress"
Offshorly,https://clutch.co/profile/offshorly,4.9,21.0,"Stamford, England",England,https://offshorly.com/cl-ldng-1/?utm_source=clutch.co&utm_medium=referral&utm_campaign=directory,,< $25 / hr,50 - 249,,,"10% UX/UI Design, 20% AI Development, 20% Custom Software Development+4 services, 15% Web Design, 15% Web Development, 10% API Development, 10% IT Staff Augmentation",Clutch.co,Unreachable,https://offshorly.com/cl-ldng-1/?utm_source=clutch.co&utm_medium=referral&utm_campaign=directory,"Design,Development,IT Services","Design Agencies,UI/UX Design,Web Design,Custom Software Development,PHP,Web Development,WordPress,IT Staff Augmentation"
Paradox Marketing,https://clutch.co/profile/paradox-marketing,4.9,19.0,"Tampa, FL",United States,https://paradoxmarketing.io/?utm_source=clutch.co&utm_medium=referral&utm_campaign=directory,,$25 - $49 / hr,50 - 249,,,"20% Web Design, 15% CRM Consulting and SI, 15% Content Marketing+4 services, 15% Pay Per Click, 15% Search Engine Optimization, 10% Social Media Marketing, 10% UX/UI Design",Clutch.co,Unreachable,https://paradoxmarketing.io/contact-us,"Design,Marketing","Web Design,Content Marketing,Full-Service Digital,PPC,Social Media Marketing"
EDUCO,https://clutch.co/profile/educo,4.9,19.0,"Oak Park, IL",United States,http://www.educowebdesign.com,,$150 - $199 / hr,10 - 49,,,"55% Web Design, 20% Digital Strategy, 10% Search Engine Optimization+2 services, 10% Video Production, 5% Corporate Photography",Clutch.co,Unreachable,http://www.educowebdesign.com/contact-educo,"Design,Marketing","Web Design,Digital Marketing,Full-Service Digital"
The Brick Factory,https://clutch.co/profile/brick-factory,4.9,18.0,"Washington, DC",United States,http://www.thebrickfactory.com/?utm_source=clutch.co&utm_medium=referral&utm_campaign=directory,,$150 - $199 / hr,10 - 49,,,"10% UX/UI Design, 40% Web Development, 20% Web Design+3 services, 10% Digital Strategy, 10% Pay Per Click, 10% Social Media Marketing",Clutch.co,Unreachable,http://www.thebrickfactory.com/?utm_source=clutch.co&utm_medium=referral&utm_campaign=directory,"Design,Development,Marketing","Design Agencies,UI/UX Design,Web Design,PHP,Web Development,WordPress,Digital Marketing,Full-Service Digital,PPC,Social Media Marketing"
Camberlion,https://clutch.co/profile/camberlion,4.9,17.0,"Melbourne, FL",United States,https://camberlion.com/?utm_source=clutch.co&utm_medium=referral&utm_campaign=directory,,$100 - $149 / hr,10 - 49,,,"10% Web Design, 20% Search Engine Optimization, 15% Branding+6 services, 10% Digital Strategy, 10% E-Commerce Development, 10% Low/No Code Development, 10% Social Media Marketing, 10% Web Development, 5% AI Consulting",Clutch.co,Unreachable,https://camberlion.com/?utm_source=clutch.co&utm_medium=referral&utm_campaign=directory,"Design,Development,Marketing","Web Design,E-Commerce Development,PHP,Web Development,WordPress,Digital Marketing,Full-Service Digital,Social Media Marketing"
WiserBrand,https://clutch.co/profile/wiserbrand,4.9,15.0,"New York, NY",United States,https://wiserbrand.com/?utm_source=clutch.co&utm_medium=referral,,$100 - $149 / hr,50 - 249,,,"10% Custom Software Development, 10% Pay Per Click, 5% AI Agents+15 services, 5% AI Consulting, 5% AI Development, 5% Advertising, 5% Business Consulting, 5% Content Marketing, 5% Digital Strategy, 5% E-Commerce Development, 5% Ecommerce Marketing, 5% Email Marketing, 5% Generative AI, 5% IT Staff Augmentation, 5% IT Strategy Consulting, 5% Search Engine Optimization, 5% UX/UI Design, 5% Web Design",Clutch.co,Unreachable,https://wiserbrand.com/?utm_source=clutch.co&utm_medium=referral,"Design,Development,Marketing","Design Agencies,Custom Software Development,Digital Marketing,Full-Service Digital,PPC"
Salt & Pepper,https://clutch.co/profile/salt-pepper-0,4.9,14.0,"Cluj-Napoca, Romania",Romania,https://saltandpepper.co/iot-development/,,$50 - $99 / hr,10 - 49,,,"10% Mobile App Development, 40% IoT Development, 30% Custom Software Development+2 services, 10% Product Design, 10% Web Development",Clutch.co,Unreachable,https://saltandpepper.co/hire-us/,"Design,Development","Design Agencies,App Development,Custom Software Development,PHP,Web Development"
Afocus,https://clutch.co/profile/afocus,4.9,14.0,"Ho Chi Minh City, Vietnam",Vietnam,https://afocus.dev/?utm_source=clutch.co&utm_medium=referral&utm_campaign=directory,,< $25 / hr,10 - 49,,,"30% Web Design, 35% E-Commerce Development, 35% Web Development",Clutch.co,Unreachable,https://afocus.dev/?utm_source=clutch.co&utm_medium=referral&utm_campaign=directory,"Design,Development","Design Agencies,Web Design,E-Commerce Development,Java,PHP,Python & Django,Web Development,WordPress"
Twenty Ideas,https://clutch.co/profile/twenty-ideas,4.9,12.0,"Eugene, OR",United States,https://twentyideas.com/?utm_source=clutch.co&utm_medium=referral&utm_campaign=directory,,$100 - $149 / hr,10 - 49,,,"15% Mobile App Development, 30% AI Development, 25% Custom Software Development+3 services, 15% UX/UI Design, 10% Web Development, 5% Cloud Consulting & SI",Clutch.co,Unreachable,https://twentyideas.com/contact,"Design,Development","Design Agencies,UI/UX Design,App Development,Custom Software Development,Java,Python & Django,Web Development"
Python Force Corp,https://clutch.co/profile/python-force-corp,4.9,12.0,"Kill Devil Hills, NC",United States,https://www.pythonforce.com/?utm_source=clutch.co&utm_medium=referral&utm_campaign=directory,,$50 - $99 / hr,2 - 9,,,"16% Web Design, 16% E-Commerce Development, 16% Search Engine Optimization+4 services, 16% UX/UI Design, 16% Web Development, 10% IT Managed Services, 10% IT Strategy Consulting",Clutch.co,Unreachable,https://www.pythonforce.com/contact/,"Design,Development,IT Services,Marketing","Design Agencies,UI/UX Design,Web Design,E-Commerce Development,Python & Django,Web Development,All IT Services,Managed IT (MSP),Digital Marketing,Full-Service Digital"
Awesome Dynamic,https://clutch.co/profile/awesome-dynamic,4.9,11.0,"Chicago, IL",United States,https://www.awesomedynamic.com/ecommerce-consultants-clutch?utm_source=clutch.co&utm_medium=referral&utm_campaign=directory,,$100 - $149 / hr,10 - 49,,,"45% Pay Per Click, 25% Ecommerce Marketing, 20% Conversion Optimization+1 service, 10% Graphic Design",Clutch.co,Unreachable,https://www.awesomedynamic.com/ecommerce-consultants-clutch?utm_source=clutch.co&utm_medium=referral&utm_campaign=directory,"Design,Marketing","Design Agencies,Digital Marketing,Full-Service Digital,PPC"
SugarFree Designs,https://clutch.co/profile/sugarfree-designs,4.9,10.0,"Surprise, AZ",United States,https://sugarfreedesigns.com/lets-meet,,,2 - 9,,,"30% Web Design, 30% Web Development, 20% Low/No Code Development+2 services, 10% Search Engine Optimization, 10% Social Media Marketing",Clutch.co,Unreachable,https://sugarfreedesigns.com/lets-meet,"Design,Development,Marketing","Design Agencies,Web Design,PHP,Python & Django,Web Development,WordPress,Digital Marketing,Full-Service Digital,Social Media Marketing"
Evolve Agency Group,https://clutch.co/profile/evolve-agency-group,4.9,10.0,"Burlington, Canada",Canada,https://evolve.ca/,,$100 - $149 / hr,50 - 249,,,"20% Advertising, 20% Digital Strategy, 20% Media Planning & Buying+3 services, 20% Social Media Marketing, 10% Web Design, 10% Web Development",Clutch.co,Unreachable,https://evolve.ca/,"Design,Development,Marketing","Design Agencies,Web Design,Web Development,Digital Marketing,Full-Service Digital,Social Media Marketing"
Shispare Pvt. Ltd.,https://clutch.co/profile/shispare,4.9,8.0,"Karachi, Pakistan",Pakistan,https://www.shispare.com,,$25 - $49 / hr,50 - 249,,,"35% AI Development, 20% Warehousing & Distribution, 15% ERP Consulting and SI+4 services, 10% Custom Software Development, 10% UX/UI Design, 5% AI Consulting, 5% BI & Big Data Consulting & SI",Clutch.co,Unreachable,https://www.shispare.com,"Design,Development,IT Services","Design Agencies,UI/UX Design,.NET,Custom Software Development,All IT Services"
Evenbound,https://clutch.co/profile/evenbound,4.9,8.0,"Grand Haven, MI",United States,https://evenbound.com/clutch-hubspot-solutions-partner,,$150 - $199 / hr,10 - 49,,,"35% CRM Consulting and SI, 30% Digital Strategy, 15% Web Design+2 services, 10% AI Consulting, 10% Demand Generation Marketing",Clutch.co,Unreachable,https://evenbound.com/clutch-hubspot-solutions-partner/?utm_source=clutch.co&utm_medium=referral&utm_campaign=web-designers,"Design,IT Services","Design Agencies,Web Design,All IT Services"
Creative Chaos,https://clutch.co/profile/creative-chaos,4.9,7.0,"Cambridge, MA",United States,http://creativechaos.co,,$50 - $99 / hr,250 - 999,,,"25% Custom Software Development, 40% IT Staff Augmentation, 25% UX/UI Design+2 services, 5% Mobile App Development, 5% Web Development",Clutch.co,Unreachable,https://creativechaos.co/contact-us/,"Design,Development,IT Services","UI/UX Design,Custom Software Development,Java,IT Staff Augmentation"
Nextide,https://clutch.co/profile/nextide,4.9,7.0,"Burlington, Canada",Canada,http://www.nextide.ca/,,$100 - $149 / hr,2 - 9,,,"35% Web Development, 20% Web Design, 15% Custom Software Development+4 services, 10% Graphic Design, 10% UX/UI Design, 5% E-Commerce Development, 5% Mobile App Development",Clutch.co,Unreachable,http://www.nextide.ca/contact,"Design,Development","Design Agencies,UI/UX Design,Web Design,Custom Software Development,PHP,Web Development"
Modelit,https://clutch.co/profile/modelit,4.9,7.0,"Montevideo, Uruguay",Uruguay,https://www.modelit.com/,,$50 - $99 / hr,10 - 49,,,"10% Web Design, 30% CRM Consulting and SI, 20% IT Managed Services+3 services, 20% IT Staff Augmentation, 10% Custom Software Development, 10% Low/No Code Development",Clutch.co,Unreachable,https://www.modelit.com/,"Design,Development,IT Services","Design Agencies,Web Design,Custom Software Development,All IT Services,IT Staff Augmentation,Managed IT (MSP)"
Richkid,https://clutch.co/profile/richkid,4.9,5.0,"Tel Aviv-Yafo, Israel",Israel,https://www.richkid-tlv.com/?utm_source=clutch.co&utm_medium=referral&utm_campaign=directory,,$100 - $149 / hr,10 - 49,,,"40% Web Design, 30% UX/UI Design, 30% Web Development",Clutch.co,Unreachable,https://www.richkid-tlv.com/?utm_source=clutch.co&utm_medium=referral&utm_campaign=directory,"Design,Development","Design Agencies,UI/UX Design,Web Design,.NET,Web Development"
Create Flo,https://clutch.co/profile/create-flo,4.9,5.0,,,https://createflo.io/?utm_source=clutch.co&utm_medium=referral&utm_campaign=directory,,$150 - $199 / hr,2 - 9,,,"30% Web Design, 50% Search Engine Optimization, 10% Branding+1 service, 10% UX/UI Design",Clutch.co,Unreachable,https://createflo.io/?utm_source=clutch.co&utm_medium=referral&utm_campaign=directory,"Design,Marketing","UI/UX Design,Web Design,Digital Marketing,Full-Service Digital"
Konstant Infosolutions,https://clutch.co/profile/konstant-infosolutions,4.8,166.0,"Jaipur, India",India,https://www.konstantinfo.com/app-development-company?utm_source=clutch.co&utm_medium=referral&utm_campaign=directory-mobile-application-developers,,$25 - $49 / hr,250 - 999,,,"20/20 Reviews, 10/10 Clients & Experience, 9.9/10 Market Presence, 60% Mobile App Development, 40% Other",Clutch.co,Unreachable,https://www.konstantinfo.com/?request-a-quote&utm_source=clutch.co&utm_medium=referral&utm_campaign=clutch,"Design,Development","Design Agencies,UI/UX Design,.NET,App Development,Flutter,PHP,Python & Django,Web Development,WordPress"
hedgehog lab,https://clutch.co/profile/hedgehog-lab,4.8,82.0,"Newcastle upon Tyne, England",England,https://hedgehoglab.com/services/mobile-app-development/flutter/?utm_source=clutch.co&utm_medium=referral&utm_campaign=bundle-app-development-service,,$100 - $149 / hr,50 - 249,,,"10% UX/UI Design, 50% Mobile App Development, 20% AI Development+2 services, 10% Custom Software Development, 10% Web Development",Clutch.co,Unreachable,https://hedgehoglab.com/contacting-hedgehog-lab/,"Design,Development","UI/UX Design,.NET,Flutter,Python & Django"
Power Digital,https://clutch.co/profile/power-digital,4.8,66.0,"San Diego, CA",United States,https://powerdigitalmarketing.com/growthplan/?utm_source__c=thirdpartydirectory&utm_medium__c=clutch&utm_campaign__c=2024_third_party_directories&utm_content__c=agencies-social-media-marketing,,$100 - $149 / hr,250 - 999,,,"18/20 Reviews, 10/10 Clients & Experience, 9.4/10 Market Presence, 25% Social Media Marketing, 75% Other",Clutch.co,Unreachable,https://powerdigitalmarketing.com/growthplan/?utm_source__c=thirdpartydirectory&utm_medium__c=clutch&utm_campaign__c=2024_third_party_directories&utm_content__c=agencies-social-media-marketing,"Design,Marketing","Design Agencies,Web Design,Content Marketing,Digital Marketing,Full-Service Digital,PPC,Social Media Marketing"
Very,https://clutch.co/profile/very,4.8,19.0,"Bozeman, MT",United States,https://www.verytechnology.com/book-a-meeting,,$200 - $300 / hr,50 - 249,,,"10% Mobile App Development, 35% IoT Development, 15% Custom Software Development+4 services, 10% Application Management & Support, 10% UX/UI Design, 10% Web Design, 10% Web Development",Clutch.co,Unreachable,https://www.verytechnology.com/book-a-meeting,"Design,Development","Design Agencies,UI/UX Design,Web Design,App Development,Custom Software Development,Python & Django,Web Development"
Isadora Agency,https://clutch.co/profile/isadora-agency,4.8,18.0,"Manhattan Beach, CA",United States,https://isadoradigitalagency.com/?utm_source=clutch.co&utm_medium=referral&utm_campaign=directory,,$150 - $199 / hr,10 - 49,,,"10% UX/UI Design, 25% Pay Per Click, 25% Web Development+2 services, 20% Product Design, 20% Web Design",Clutch.co,Unreachable,https://isadoradigitalagency.com/?utm_source=clutch.co&utm_medium=referral&utm_campaign=directory,"Design,Development,Marketing","Design Agencies,UI/UX Design,Web Design,Java,PHP,Web Development,WordPress,Digital Marketing,Full-Service Digital,PPC"
fishbat Media,https://clutch.co/profile/fishbat-media,4.8,16.0,"New York, NY",United States,https://fishbat.com/clutch-digital-marketing-agency/?utm_source=clutch.co&utm_medium=referral&utm_campaign=directory,,$150 - $199 / hr,10 - 49,,,"24% Search Engine Optimization, 15% Pay Per Click, 10% Advertising+6 services, 10% Branding, 10% Content Marketing, 10% Digital Strategy, 10% Social Media Marketing, 10% Web Design, 1% Other Digital Marketing",Clutch.co,Unreachable,https://fishbat.com/clutch-digital-marketing-agency/?utm_source=clutch.co&utm_medium=referral&utm_campaign=directory,"Design,Marketing","Design Agencies,Web Design,Content Marketing,Digital Marketing,Full-Service Digital,PPC,Social Media Marketing"
Prolific Digital,https://clutch.co/profile/prolific-digital-0,4.8,14.0,"Louisville, KY",United States,https://prolificdigital.com/,,$150 - $199 / hr,10 - 49,,,"25% Branding, 25% Digital Strategy, 25% Web Design+1 service, 25% Web Development",Clutch.co,Unreachable,https://prolificdigital.com/contact,"Design,Development","Design Agencies,Web Design,PHP,Web Development,WordPress"
Way2net Digital Marketing Agency,https://clutch.co/profile/way2net-digital-marketing-agency,4.8,13.0,"Rincón de Milberg, Argentina",Argentina,https://www.way2net.com/?utm_source=clutch.co&utm_medium=referral&utm_campaign=directory,,$25 - $49 / hr,10 - 49,,,"35% Digital Strategy, 25% Pay Per Click, 20% Social Media Marketing+2 services, 10% Search Engine Optimization, 10% Web Design",Clutch.co,Unreachable,https://www.way2net.com/?utm_source=clutch.co&utm_medium=referral&utm_campaign=directory,"Design,Marketing","Design Agencies,Web Design,Digital Marketing,Full-Service Digital,PPC,Social Media Marketing"
Localscope,https://clutch.co/profile/localscope,4.8,6.0,"Argiroupoli, Greece",Greece,https://localscope.dev/?utm_source=clutch.co&utm_medium=referral&utm_campaign=directory,,$25 - $49 / hr,2 - 9,,,"25% Custom Software Development, 20% Mobile App Development, 20% Web Development+4 services, 15% UX/UI Design, 10% AI Development, 5% Blockchain, 5% E-Commerce Development",Clutch.co,Unreachable,https://localscope.dev/?utm_source=clutch.co&utm_medium=referral&utm_campaign=directory,"Design,Development","Design Agencies,UI/UX Design,App Development,Custom Software Development,Flutter,PHP,Python & Django,Web Development"
Link Development,https://clutch.co/profile/link-development,4.8,4.0,"Irvine, CA",United States,http://www.linkdevelopment.com/?utm_source=clutch.co&utm_medium=referral&utm_campaign=directory,,$25 - $49 / hr,250 - 999,,,"10% Web Design, 30% Custom Software Development, 30% IT Staff Augmentation+2 services, 20% CRM Consulting and SI, 10% Cloud Consulting & SI",Clutch.co,Unreachable,http://www.linkdevelopment.com/?utm_source=clutch.co&utm_medium=referral&utm_campaign=directory,"Design,Development,IT Services","Design Agencies,Web Design,.NET,Custom Software Development,All IT Services,IT Staff Augmentation"
"Blueshoon, inc",https://clutch.co/profile/blueshoon,4.8,3.0,"Chicago, IL",United States,http://www.blueshoon.com/?source=clutch&utm_source=clutch.co&utm_medium=referral&utm_campaign=directory,,$100 - $149 / hr,10 - 49,,,"50% Web Development, 25% Web Design, 13% Email Marketing+1 service, 12% E-Commerce Development",Clutch.co,Unreachable,http://www.blueshoon.com/?source=clutch&utm_source=clutch.co&utm_medium=referral&utm_campaign=directory,"Design,Development,Marketing","Design Agencies,Web Design,E-Commerce Development,PHP,Web Development,WordPress,Digital Marketing,Email Marketing,Full-Service Digital"
Kreatif Klub (klub.tech),https://clutch.co/profile/kreatif-klub-klubtech,4.8,2.0,"Berlin, Germany",Germany,https://kreatifklub.com?utm_source=clutch.co&utm_medium=referral&utm_campaign=directory,,$100 - $149 / hr,2 - 9,,,"20% Web Development, 25% E-Commerce Development, 10% Branding+6 services, 10% Custom Software Development, 10% Digital Strategy, 10% UX/UI Design, 5% AI Consulting, 5% AI Development, 5% Web Design",Clutch.co,Unreachable,https://kreatifklub.com?utm_source=clutch.co&utm_medium=referral&utm_campaign=directory,"Design,Development","UI/UX Design,Custom Software Development,E-Commerce Development,PHP,Python & Django,Web Development"
Chatter Buzz,https://clutch.co/profile/chatter-buzz,4.8,2.0,"Orlando, FL",United States,http://www.chatterbuzzmedia.com,,$100 - $149 / hr,10 - 49,,,"20% Web Design, 25% Digital Strategy, 15% Advertising+4 services, 15% Pay Per Click, 10% Search Engine Optimization, 10% Social Media Marketing, 5% Fractional CMO Services",Clutch.co,Unreachable,http://www.chatterbuzzmedia.com,"Design,Marketing","Web Design,Digital Marketing,Full-Service Digital,PPC,Social Media Marketing"
BlueLabel,https://clutch.co/profile/bluelabel,4.7,68.0,"New York, NY",United States,https://www.bluelabellabs.com/?utm_source=clutch.co&utm_medium=referral&utm_campaign=directory-mobile-application-developers,,$100 - $149 / hr,50 - 249,,,"10% Mobile App Development, 25% AI Consulting, 25% Generative AI+3 services, 20% AI Development, 10% Product Design, 10% Web Design",Clutch.co,Unreachable,https://www.bluelabellabs.com/start-your-project/,"Design,Development","Design Agencies,Web Design,App Development"
Avenue Z,https://clutch.co/profile/avenue-z,4.7,15.0,"Miami, FL",United States,https://avenuez.com/?utm_source=clutch.co&utm_medium=referral&utm_campaign=directory,,$150 - $199 / hr,50 - 249,,,"10% Web Design, 10% Affiliate Marketing, 10% Branding+7 services, 10% Content Marketing, 10% Digital Strategy, 10% Ecommerce Marketing, 10% Marketing Strategy, 10% Public Relations, 10% Search Engine Optimization, 10% Social Media Marketing",Clutch.co,Unreachable,https://avenuez.com/?utm_source=clutch.co&utm_medium=referral&utm_campaign=directory,"Design,Marketing","Design Agencies,Web Design,Content Marketing,Digital Marketing,Full-Service Digital,PR Firms,Social Media Marketing"
SUBE Digital Agency,https://clutch.co/profile/sube-digital-agency,4.7,14.0,"Ciudad de México, Mexico",Mexico,https://www.subeagenciadigital.com/en/?utm_source=clutch.co&utm_medium=referral&utm_campaign=directory,,$25 - $49 / hr,250 - 999,,,"15% Digital Strategy, 15% Ecommerce Marketing, 15% Pay Per Click+6 services, 15% Search Engine Optimization, 15% Social Media Marketing, 10% Content Marketing, 5% Conversion Optimization, 5% Email Marketing, 5% Web Design",Clutch.co,Unreachable,https://www.subeagenciadigital.com/en/?utm_source=clutch.co&utm_medium=referral&utm_campaign=directory,"Design,Marketing","Design Agencies,Content Marketing,Digital Marketing,PPC,Social Media Marketing"
HeadChannel Consulting,https://clutch.co/profile/headchannel-consulting,4.7,12.0,"London, England",England,http://www.headchannel.co.uk/?utm_source=clutch.co&utm_medium=referral,,$25 - $49 / hr,10 - 49,,,"20% AI Development, 20% Custom Software Development, 10% AI Consulting+6 services, 10% Generative AI, 10% Mobile App Development, 10% UX/UI Design, 10% Web Development, 5% BI & Big Data Consulting & SI, 5% IT Staff Augmentation",Clutch.co,Unreachable,http://www.headchannel.co.uk/?utm_source=clutch.co&utm_medium=referral&utm_campaign=developers-dot-net,"Design,Development","Design Agencies,UI/UX Design,.NET,Custom Software Development,Web Development,WordPress"
Innovecs,https://clutch.co/profile/innovecs,4.7,11.0,"Kyiv, Ukraine",Ukraine,https://www.innovecs.com/,,$25 - $49 / hr,250 - 999,,,"15% DevOps Managed Services, 10% Application Testing, 10% BI & Big Data Consulting & SI+8 services, 10% Cloud Consulting & SI, 10% Custom Software Development, 10% Mobile App Development, 10% Other Application Development, 10% Web Design, 5% AI Development, 5% Application Management & Support, 5% Blockchain",Clutch.co,Unreachable,https://www.innovecs.com/,"Design,Development,IT Services","Design Agencies,Web Design,.NET,App Development,Custom Software Development,Java,All IT Services"
"Ecreative (Ecreativeworks, Inc.)",https://clutch.co/profile/ecreative-ecreativeworks,4.6,7.0,"St. Louis Park, MN",United States,https://www.ecreativeworks.com/?utm_source=clutch.co&utm_medium=referral&utm_campaign=directory,,$100 - $149 / hr,10 - 49,,,"45% Search Engine Optimization, 35% Web Development, 10% Pay Per Click+1 service, 10% Web Design",Clutch.co,Unreachable,https://www.ecreativeworks.com/contact-us,"Design,Development,Marketing","Design Agencies,Web Design,Web Development,Digital Marketing,Full-Service Digital,PPC"
Julius Connected 2 Grow,https://clutch.co/profile/julius-connected-2-grow,4.5,1.0,"Miami, FL",United States,https://info.julius2grow.com?utm_source=clutch.co&utm_medium=referral&utm_campaign=web-designers,,$25 - $49 / hr,250 - 999,,,"25% Web Design, 25% IT Staff Augmentation, 25% UX/UI Design+3 services, 10% Digital Strategy, 10% Graphic Design, 5% Architectural Design",Clutch.co,Unreachable,https://info.julius2grow.com/offshore-digital-marketing-services?utm_source=clutch.co&utm_medium=referral&utm_campaign=directory?utm_source=clutch.co&utm_medium=referral&utm_campaign=agencies-ui-ux,"Design,IT Services","UI/UX Design,Web Design,IT Staff Augmentation"
"Mint Sparks, LLC",https://clutch.co/profile/mint-sparks,,,"Tampa, FL",United States,https://mintsparks.com/?utm_source=clutch.co&utm_medium=referral&utm_campaign=directory,,$50 - $99 / hr,2 - 9,,,"10% UX/UI Design, 20% Web Design, 20% Web Development+5 services, 10% API Development, 10% Digital Strategy, 10% E-Commerce Development, 10% Pay Per Click, 10% Search Engine Optimization",Clutch.co,Unreachable,https://mintsparks.com/?utm_source=clutch.co&utm_medium=referral&utm_campaign=directory,"Design,Development,Marketing","UI/UX Design,Web Design,E-Commerce Development,PHP,WordPress,Full-Service Digital,PPC"
Art IT - Intelligent Technology,https://clutch.co/profile/art-it-intelligent-technology,,,"Campinas, Brazil",Brazil,https://www.artit.com.br/?utm_source=clutch.co&utm_medium=referral&utm_campaign=directory,,< $25 / hr,250 - 999,,,"10% UX/UI Design, 10% API Development, 10% Architectural Design+8 services, 10% BI & Big Data Consulting & SI, 10% Custom Software Development, 10% IT Strategy Consulting, 10% Mobile App Development, 10% Product Design, 10% Web Development, 5% Microservices Architecture Services, 5% Web Design",Clutch.co,Unreachable,https://www.artit.com.br/?utm_source=clutch.co&utm_medium=referral&utm_campaign=directory,"Design,Development,IT Services","UI/UX Design,Custom Software Development,Java,PHP,Python & Django,All IT Services"
CLEIO,https://clutch.co/profile/cleio,,,"Trois-Rivières, Canada",Canada,https://cleio.com/,,$150 - $199 / hr,50 - 249,,,"10% Web Design, 10% Computer Engineering, 10% Custom Software Development+7 services, 10% Digital Engineering, 10% Engineering, 10% IoT Development, 10% Mobile App Development, 10% Product Design, 10% UX/UI Design, 10% Wearable App Development",Clutch.co,Unreachable,https://cleio.com/contact-us/,"Design,Development","UI/UX Design,Web Design,.NET,Custom Software Development"
Ghost Agency,https://clutch.co/profile/ghost-agency,,,"Thousand Oaks, CA",United States,https://www.ghostagency.com/?utm_source=clutch.co&utm_medium=referral&utm_campaign=directory,,$150 - $199 / hr,10 - 49,,,"30% Web Design, 30% Web Development, 15% AR/VR Development+2 services, 15% UX/UI Design, 10% Video Production",Clutch.co,Unreachable,https://www.ghostagency.com/contact/,"Design,Development","UI/UX Design,Web Design,AR/VR"
